{"cameraMode":{"drawMode":0,"name":"Shaded","section":"Shading Mode"},"sceneLighting":false,"audioPlay":false,"sceneViewState":{"m_AlwaysRefresh":false,"showFog":true,"showSkybox":false,"showFlares":true,"showImageEffects":true,"showParticleSystems":true,"showVisualEffectGraphs":true,"m_FxEnabled":true},"in2DMode":false,"pivot":{"x":-0.9851541519165039,"y":0.024762101471424104,"z":0.0876036211848259},"rotation":{"x":-0.052820734679698947,"y":-0.9149462580680847,"z":0.12704011797904969,"w":-0.37964361906051638},"size":0.9049965143203735,"orthographic":false}