{"cameraMode":{"drawMode":0,"name":"Shaded","section":"Shading Mode"},"sceneLighting":true,"audioPlay":false,"sceneViewState":{"m_AlwaysRefresh":false,"showFog":true,"showSkybox":true,"showFlares":true,"showImageEffects":true,"showParticleSystems":true,"showVisualEffectGraphs":true,"m_FxEnabled":true},"in2DMode":false,"pivot":{"x":396.1570739746094,"y":253.053466796875,"z":-15.3665771484375},"rotation":{"x":0.0004674270167015493,"y":-0.9991747736930847,"z":0.038986869156360629,"w":0.011988992802798748},"size":314.5319519042969,"orthographic":false}